"Name","Length","FullName"
"1.Genehmigungsbescheid_63-GVV-6785-2025_vom_26.02.2026.html","400848","C:\Users\akork\OneDrive\H&S+\3. Handlungsvorlagen\Brandschutz\1. Brandschutzkonzepte (BSK)\1.Genehmigungsbescheid_63-GVV-6785-2025_vom_26.02.2026.html"
"12-08-2-1-03  Brandschutzkonzept Block 11-08-02-G24.10.html","160299","C:\Users\akork\OneDrive\H&S+\3. Handlungsvorlagen\Brandschutz\1. Brandschutzkonzepte (BSK)\12-08-2-1-03  Brandschutzkonzept Block 11-08-02-G24.10.html"
"12-08-2-2-01 Brandschutzkonzept Kühlwasser 11-08-02-G20.8.html","70132","C:\Users\akork\OneDrive\H&S+\3. Handlungsvorlagen\Brandschutz\1. Brandschutzkonzepte (BSK)\12-08-2-2-01 Brandschutzkonzept Kühlwasser 11-08-02-G20.8.html"
"12-08-2-3-01 Brandschutzkonzept KRA 11-08-02-G19.9.html","63610","C:\Users\akork\OneDrive\H&S+\3. Handlungsvorlagen\Brandschutz\1. Brandschutzkonzepte (BSK)\12-08-2-3-01 Brandschutzkonzept KRA 11-08-02-G19.9.html"
"12-08-2-5-01 Brandschutzkonzept Gebäudeheizung 11-08-02-G25.9.html","64350","C:\Users\akork\OneDrive\H&S+\3. Handlungsvorlagen\Brandschutz\1. Brandschutzkonzepte (BSK)\12-08-2-5-01 Brandschutzkonzept Gebäudeheizung 11-08-02-G25.9.html"
"12-08-2-6-01 Brandschutzkonzept Hybridnetzanschlus 11-08-02-G16.9.html","84303","C:\Users\akork\OneDrive\H&S+\3. Handlungsvorlagen\Brandschutz\1. Brandschutzkonzepte (BSK)\12-08-2-6-01 Brandschutzkonzept Hybridnetzanschlus 11-08-02-G16.9.html"
"12-08-2-7-01 Brandschutzkonzept Fernwärmegebäude 11-08-02-G26.8.html","70918","C:\Users\akork\OneDrive\H&S+\3. Handlungsvorlagen\Brandschutz\1. Brandschutzkonzepte (BSK)\12-08-2-7-01 Brandschutzkonzept Fernwärmegebäude 11-08-02-G26.8.html"
"20182004-Rheinenergie-Gebäude_51-BSK-2018-02-20-Rev-2-0.html","74892","C:\Users\akork\OneDrive\H&S+\3. Handlungsvorlagen\Brandschutz\1. Brandschutzkonzepte (BSK)\20182004-Rheinenergie-Gebäude_51-BSK-2018-02-20-Rev-2-0.html"
"20182004-Rheinenergie-Neubau-BHKW-BSK-2018-02-19.html","150855","C:\Users\akork\OneDrive\H&S+\3. Handlungsvorlagen\Brandschutz\1. Brandschutzkonzepte (BSK)\20182004-Rheinenergie-Neubau-BHKW-BSK-2018-02-19.html"
"23-12-04_Vorkonzept_GWP.html","168787","C:\Users\akork\OneDrive\H&S+\3. Handlungsvorlagen\Brandschutz\1. Brandschutzkonzepte (BSK)\23-12-04_Vorkonzept_GWP.html"
"25-04-30_BK_Entnahmebauwerk.html","380983","C:\Users\akork\OneDrive\H&S+\3. Handlungsvorlagen\Brandschutz\1. Brandschutzkonzepte (BSK)\25-04-30_BK_Entnahmebauwerk.html"
"25-04-30_BK_GWP-Anlage.html","483215","C:\Users\akork\OneDrive\H&S+\3. Handlungsvorlagen\Brandschutz\1. Brandschutzkonzepte (BSK)\25-04-30_BK_GWP-Anlage.html"
"Aufstell._Büro-& Umkleidecontainer Geb.30.html","201747","C:\Users\akork\OneDrive\H&S+\3. Handlungsvorlagen\Brandschutz\1. Brandschutzkonzepte (BSK)\Aufstell._Büro-& Umkleidecontainer Geb.30.html"
"Baugenehmigung für Nutzungsänderung.html","474895","C:\Users\akork\OneDrive\H&S+\3. Handlungsvorlagen\Brandschutz\1. Brandschutzkonzepte (BSK)\Baugenehmigung für Nutzungsänderung.html"
"BK-15-01-30.html","204942","C:\Users\akork\OneDrive\H&S+\3. Handlungsvorlagen\Brandschutz\1. Brandschutzkonzepte (BSK)\BK-15-01-30.html"
"BMK_Scan_20240130-091814.html","171870","C:\Users\akork\OneDrive\H&S+\3. Handlungsvorlagen\Brandschutz\1. Brandschutzkonzepte (BSK)\BMK_Scan_20240130-091814.html"
"Brandschutzkonzept Grundschule.html","390456","C:\Users\akork\OneDrive\H&S+\3. Handlungsvorlagen\Brandschutz\1. Brandschutzkonzepte (BSK)\Brandschutzkonzept Grundschule.html"
"Brandschutzkonzept Löbbert 2. Rettungsweg Umbau II. OG.html","260972","C:\Users\akork\OneDrive\H&S+\3. Handlungsvorlagen\Brandschutz\1. Brandschutzkonzepte (BSK)\Brandschutzkonzept Löbbert 2. Rettungsweg Umbau II. OG.html"
"BSK Geb. 31 VStätt .html","800017","C:\Users\akork\OneDrive\H&S+\3. Handlungsvorlagen\Brandschutz\1. Brandschutzkonzepte (BSK)\BSK Geb. 31 VStätt .html"
"BSK_0226_AK.html","144428","C:\Users\akork\OneDrive\H&S+\3. Handlungsvorlagen\Brandschutz\1. Brandschutzkonzepte (BSK)\BSK_0226_AK.html"
"BSK_12_02_2018_VORABZUG_tw. Änderung des EG.html","137687","C:\Users\akork\OneDrive\H&S+\3. Handlungsvorlagen\Brandschutz\1. Brandschutzkonzepte (BSK)\BSK_12_02_2018_VORABZUG_tw. Änderung des EG.html"
"BSK_13.html","474004","C:\Users\akork\OneDrive\H&S+\3. Handlungsvorlagen\Brandschutz\1. Brandschutzkonzepte (BSK)\BSK_13.html"
"BSK_Ern._ GuD-Anlage - Gebäude 77.html","267837","C:\Users\akork\OneDrive\H&S+\3. Handlungsvorlagen\Brandschutz\1. Brandschutzkonzepte (BSK)\BSK_Ern._ GuD-Anlage - Gebäude 77.html"
"BSK_Erw._Turbinen-, Kessel- und Maschinenhauses, Gebäude 10 HKw-Merkenich.html","392357","C:\Users\akork\OneDrive\H&S+\3. Handlungsvorlagen\Brandschutz\1. Brandschutzkonzepte (BSK)\BSK_Erw._Turbinen-, Kessel- und Maschinenhauses, Gebäude 10 HKw-Merkenich.html"
"BSK_Gasstation.html","100772","C:\Users\akork\OneDrive\H&S+\3. Handlungsvorlagen\Brandschutz\1. Brandschutzkonzepte (BSK)\BSK_Gasstation.html"
"BSK_Geb.15.html","297467","C:\Users\akork\OneDrive\H&S+\3. Handlungsvorlagen\Brandschutz\1. Brandschutzkonzepte (BSK)\BSK_Geb.15.html"
"BSK_Wasserstoff_Gasturbine.html","245725","C:\Users\akork\OneDrive\H&S+\3. Handlungsvorlagen\Brandschutz\1. Brandschutzkonzepte (BSK)\BSK_Wasserstoff_Gasturbine.html"
"B_B07_10---_746_G30_XXXX_D032_0001_Brandschutzkonzept_--_f.html","392357","C:\Users\akork\OneDrive\H&S+\3. Handlungsvorlagen\Brandschutz\1. Brandschutzkonzepte (BSK)\B_B07_10---_746_G30_XXXX_D032_0001_Brandschutzkonzept_--_f.html"
"B_B07_70---_771_G30_XXXX_D120_0001_Gutachten-Brandschutz_--_f.html","47196","C:\Users\akork\OneDrive\H&S+\3. Handlungsvorlagen\Brandschutz\1. Brandschutzkonzepte (BSK)\B_B07_70---_771_G30_XXXX_D120_0001_Gutachten-Brandschutz_--_f.html"
"B_B07_70---_771_G30_XXXX_D120_0002_Untersuchung-Brandschutz_--_f.html","92480","C:\Users\akork\OneDrive\H&S+\3. Handlungsvorlagen\Brandschutz\1. Brandschutzkonzepte (BSK)\B_B07_70---_771_G30_XXXX_D120_0002_Untersuchung-Brandschutz_--_f.html"
"Einbau Sozail- und Büroräumen.html","195892","C:\Users\akork\OneDrive\H&S+\3. Handlungsvorlagen\Brandschutz\1. Brandschutzkonzepte (BSK)\Einbau Sozail- und Büroräumen.html"
"Fernwaermespeicher_Merheim__2021-2181 BSP EG-SC.html","36949","C:\Users\akork\OneDrive\H&S+\3. Handlungsvorlagen\Brandschutz\1. Brandschutzkonzepte (BSK)\Fernwaermespeicher_Merheim__2021-2181 BSP EG-SC.html"
"Fernwaermespeicher_Merheim__20212181_Brandschutzkonzept.html","74750","C:\Users\akork\OneDrive\H&S+\3. Handlungsvorlagen\Brandschutz\1. Brandschutzkonzepte (BSK)\Fernwaermespeicher_Merheim__20212181_Brandschutzkonzept.html"
"GWP_Anfrage Brandschutz-Vorkonzept - Niehl GWP.html","36412","C:\Users\akork\OneDrive\H&S+\3. Handlungsvorlagen\Brandschutz\1. Brandschutzkonzepte (BSK)\GWP_Anfrage Brandschutz-Vorkonzept - Niehl GWP.html"
"GWP_Brandschutz Vorkonzept Niehl 3.html","319834","C:\Users\akork\OneDrive\H&S+\3. Handlungsvorlagen\Brandschutz\1. Brandschutzkonzepte (BSK)\GWP_Brandschutz Vorkonzept Niehl 3.html"
"GWP_Konzeptbericht Anordnungsplanung GWP.html","29123","C:\Users\akork\OneDrive\H&S+\3. Handlungsvorlagen\Brandschutz\1. Brandschutzkonzepte (BSK)\GWP_Konzeptbericht Anordnungsplanung GWP.html"
"halle38.html","168186","C:\Users\akork\OneDrive\H&S+\3. Handlungsvorlagen\Brandschutz\1. Brandschutzkonzepte (BSK)\halle38.html"
"Kühlturm_BSK_Index.html","216732","C:\Users\akork\OneDrive\H&S+\3. Handlungsvorlagen\Brandschutz\1. Brandschutzkonzepte (BSK)\Kühlturm_BSK_Index.html"
"Nachtraege__Gebäude_51-BSK-Nachtrag3.html","87918","C:\Users\akork\OneDrive\H&S+\3. Handlungsvorlagen\Brandschutz\1. Brandschutzkonzepte (BSK)\Nachtraege__Gebäude_51-BSK-Nachtrag3.html"
"Nachtraege__Neubau-BHKW-BSK_1. Nachtrag.html","162182","C:\Users\akork\OneDrive\H&S+\3. Handlungsvorlagen\Brandschutz\1. Brandschutzkonzepte (BSK)\Nachtraege__Neubau-BHKW-BSK_1. Nachtrag.html"
"Neubau_UW-110kV-(CGN)_Gehmighte-Änderung.html","15326","C:\Users\akork\OneDrive\H&S+\3. Handlungsvorlagen\Brandschutz\1. Brandschutzkonzepte (BSK)\Neubau_UW-110kV-(CGN)_Gehmighte-Änderung.html"
"Neubau_UW-110kV-Anlage (CGN)_Tanklagerstraße.html","129197","C:\Users\akork\OneDrive\H&S+\3. Handlungsvorlagen\Brandschutz\1. Brandschutzkonzepte (BSK)\Neubau_UW-110kV-Anlage (CGN)_Tanklagerstraße.html"
"Neubau_UW-110kV_Kaiserstraße127.html","414736","C:\Users\akork\OneDrive\H&S+\3. Handlungsvorlagen\Brandschutz\1. Brandschutzkonzepte (BSK)\Neubau_UW-110kV_Kaiserstraße127.html"
"Technik_Erdgasverdichter-Station.html","61470","C:\Users\akork\OneDrive\H&S+\3. Handlungsvorlagen\Brandschutz\1. Brandschutzkonzepte (BSK)\Technik_Erdgasverdichter-Station.html"
"Technik_Neubau_Druckerhöhungsanlage (DEA Gierath).html","103898","C:\Users\akork\OneDrive\H&S+\3. Handlungsvorlagen\Brandschutz\1. Brandschutzkonzepte (BSK)\Technik_Neubau_Druckerhöhungsanlage (DEA Gierath).html"
"Technik_Schnellstarter GTHKW Niehl.html","199628","C:\Users\akork\OneDrive\H&S+\3. Handlungsvorlagen\Brandschutz\1. Brandschutzkonzepte (BSK)\Technik_Schnellstarter GTHKW Niehl.html"
"_katalog_rows.html","8935","C:\Users\akork\OneDrive\H&S+\3. Handlungsvorlagen\Brandschutz\1. Brandschutzkonzepte (BSK)\_katalog_rows.html"
"_KI_WISSEN.html","15339","C:\Users\akork\OneDrive\H&S+\3. Handlungsvorlagen\Brandschutz\1. Brandschutzkonzepte (BSK)\_KI_WISSEN.html"
"_KI_WISSEN_BSK_FAELLE_VOLL.html","27850","C:\Users\akork\OneDrive\H&S+\3. Handlungsvorlagen\Brandschutz\1. Brandschutzkonzepte (BSK)\_KI_WISSEN_BSK_FAELLE_VOLL.html"
"_KI_WISSEN_BSK_FALLBIBLIOTHEK.html","28896","C:\Users\akork\OneDrive\H&S+\3. Handlungsvorlagen\Brandschutz\1. Brandschutzkonzepte (BSK)\_KI_WISSEN_BSK_FALLBIBLIOTHEK.html"
"_KI_WISSEN_HTML_KATALOG.html","15026","C:\Users\akork\OneDrive\H&S+\3. Handlungsvorlagen\Brandschutz\1. Brandschutzkonzepte (BSK)\_KI_WISSEN_HTML_KATALOG.html"
"1.Genehmigungsbescheid_63-GVV-6785-2025_vom_26.02.2026.html","400848","C:\Users\akork\OneDrive\H&S+\3. Handlungsvorlagen\Brandschutz\2. Stellungnahmen\1.Genehmigungsbescheid_63-GVV-6785-2025_vom_26.02.2026.html"
"20191009 Aktennotiz Löschwassermenge.html","427423","C:\Users\akork\OneDrive\H&S+\3. Handlungsvorlagen\Brandschutz\2. Stellungnahmen\20191009 Aktennotiz Löschwassermenge.html"
"Antwort auf ZB vom 13.08.2025, Az. 63-GVV-6785-2025.html","9564","C:\Users\akork\OneDrive\H&S+\3. Handlungsvorlagen\Brandschutz\2. Stellungnahmen\Antwort auf ZB vom 13.08.2025, Az. 63-GVV-6785-2025.html"
"BB_BS_Restaurant_Wasai.html","22705","C:\Users\akork\OneDrive\H&S+\3. Handlungsvorlagen\Brandschutz\2. Stellungnahmen\BB_BS_Restaurant_Wasai.html"
"Begehung Brandschutz Satmmheim Buchholzstraße 54.html","13338","C:\Users\akork\OneDrive\H&S+\3. Handlungsvorlagen\Brandschutz\2. Stellungnahmen\Begehung Brandschutz Satmmheim Buchholzstraße 54.html"
"Brandschutztechnische Stellungnahme Hakle GmbH DUS.html","590663","C:\Users\akork\OneDrive\H&S+\3. Handlungsvorlagen\Brandschutz\2. Stellungnahmen\Brandschutztechnische Stellungnahme Hakle GmbH DUS.html"
"Brandschutztechnische_Stellungnahme_Gebäude_70_intern.html","27809","C:\Users\akork\OneDrive\H&S+\3. Handlungsvorlagen\Brandschutz\2. Stellungnahmen\Brandschutztechnische_Stellungnahme_Gebäude_70_intern.html"
"BS-SN_572.1-F-AK.html","71539","C:\Users\akork\OneDrive\H&S+\3. Handlungsvorlagen\Brandschutz\2. Stellungnahmen\BS-SN_572.1-F-AK.html"
"BS-SN_Fr._Bach.html","17886","C:\Users\akork\OneDrive\H&S+\3. Handlungsvorlagen\Brandschutz\2. Stellungnahmen\BS-SN_Fr._Bach.html"
"BS-Stellungnahme_Ladenlokal_zu_Imbiss.html","16790","C:\Users\akork\OneDrive\H&S+\3. Handlungsvorlagen\Brandschutz\2. Stellungnahmen\BS-Stellungnahme_Ladenlokal_zu_Imbiss.html"
"BS-Stellungnahme_NÄ_Hr._Giri - 2.1.htm","196466","C:\Users\akork\OneDrive\H&S+\3. Handlungsvorlagen\Brandschutz\2. Stellungnahmen\BS-Stellungnahme_NÄ_Hr._Giri - 2.1.htm"
"BS-Stellungnahme_NÄ_Hr._Giri-AK.html","9081","C:\Users\akork\OneDrive\H&S+\3. Handlungsvorlagen\Brandschutz\2. Stellungnahmen\BS-Stellungnahme_NÄ_Hr._Giri-AK.html"
"BS-technische Stellungnahme 54.html","52586","C:\Users\akork\OneDrive\H&S+\3. Handlungsvorlagen\Brandschutz\2. Stellungnahmen\BS-technische Stellungnahme 54.html"
"BS_SN_Gasstation_HKW_Zugweg.html","7888","C:\Users\akork\OneDrive\H&S+\3. Handlungsvorlagen\Brandschutz\2. Stellungnahmen\BS_SN_Gasstation_HKW_Zugweg.html"
"BS_Unterlagen_Vollständig.html","82340","C:\Users\akork\OneDrive\H&S+\3. Handlungsvorlagen\Brandschutz\2. Stellungnahmen\BS_Unterlagen_Vollständig.html"
"Genehmigungsbescheid_63-GVV-4820-2025_vom_26.05.2025-1.html","170507","C:\Users\akork\OneDrive\H&S+\3. Handlungsvorlagen\Brandschutz\2. Stellungnahmen\Genehmigungsbescheid_63-GVV-4820-2025_vom_26.05.2025-1.html"
"Kennzeichnungspflicht bei Änderungen an Kabelabschottungen.html","8400","C:\Users\akork\OneDrive\H&S+\3. Handlungsvorlagen\Brandschutz\2. Stellungnahmen\Kennzeichnungspflicht bei Änderungen an Kabelabschottungen.html"
"Risikobericht-HDI-vom 5-2023-Verwaltung.html","45584","C:\Users\akork\OneDrive\H&S+\3. Handlungsvorlagen\Brandschutz\2. Stellungnahmen\Risikobericht-HDI-vom 5-2023-Verwaltung.html"
"SV-Begehung_Nutzungsänderung.html","14757","C:\Users\akork\OneDrive\H&S+\3. Handlungsvorlagen\Brandschutz\2. Stellungnahmen\SV-Begehung_Nutzungsänderung.html"
"SV-Begehung_Nutzungsänderung_1.html","15273","C:\Users\akork\OneDrive\H&S+\3. Handlungsvorlagen\Brandschutz\2. Stellungnahmen\SV-Begehung_Nutzungsänderung_1.html"
"Türen-Anlagen zu Brief_G-295_2023.html","439249","C:\Users\akork\OneDrive\H&S+\3. Handlungsvorlagen\Brandschutz\2. Stellungnahmen\Türen-Anlagen zu Brief_G-295_2023.html"
"Türen-Brief_G295-2023 UW Köln-Lindenthal.html","79013","C:\Users\akork\OneDrive\H&S+\3. Handlungsvorlagen\Brandschutz\2. Stellungnahmen\Türen-Brief_G295-2023 UW Köln-Lindenthal.html"
"_KI_WISSEN.html","23544","C:\Users\akork\OneDrive\H&S+\3. Handlungsvorlagen\Brandschutz\2. Stellungnahmen\_KI_WISSEN.html"
"header.htm","4300","C:\Users\akork\OneDrive\H&S+\3. Handlungsvorlagen\Brandschutz\2. Stellungnahmen\BS-Stellungnahme_NÄ_Hr._Giri - 2.1_files\header.htm"
"00058_Verfahrensstand Baugenehmigung_2024-01-17.html","42812","C:\Users\akork\OneDrive\H&S+\3. Handlungsvorlagen\Brandschutz\3. Schreiben_Behörde&FW\00058_Verfahrensstand Baugenehmigung_2024-01-17.html"
"37_DGS_240712_Nachschau.html","10929","C:\Users\akork\OneDrive\H&S+\3. Handlungsvorlagen\Brandschutz\3. Schreiben_Behörde&FW\37_DGS_240712_Nachschau.html"
"Bauaufsichtsamt_Abl. des Bauantrags.html","17047","C:\Users\akork\OneDrive\H&S+\3. Handlungsvorlagen\Brandschutz\3. Schreiben_Behörde&FW\Bauaufsichtsamt_Abl. des Bauantrags.html"
"BF-Brandschau-Mängel.html","26227","C:\Users\akork\OneDrive\H&S+\3. Handlungsvorlagen\Brandschutz\3. Schreiben_Behörde&FW\BF-Brandschau-Mängel.html"
"Brandschaubericht_20720.html","13795","C:\Users\akork\OneDrive\H&S+\3. Handlungsvorlagen\Brandschutz\3. Schreiben_Behörde&FW\Brandschaubericht_20720.html"
"Brandschauprotokoll20180717.html","19494","C:\Users\akork\OneDrive\H&S+\3. Handlungsvorlagen\Brandschutz\3. Schreiben_Behörde&FW\Brandschauprotokoll20180717.html"
"Brandschau_PG_2021.html","29063","C:\Users\akork\OneDrive\H&S+\3. Handlungsvorlagen\Brandschutz\3. Schreiben_Behörde&FW\Brandschau_PG_2021.html"
"Brandschau_vom_ 11122020.html","23876","C:\Users\akork\OneDrive\H&S+\3. Handlungsvorlagen\Brandschutz\3. Schreiben_Behörde&FW\Brandschau_vom_ 11122020.html"
"HKW Südstadt_151208_Protokoll Brandschau 2012.html","39050","C:\Users\akork\OneDrive\H&S+\3. Handlungsvorlagen\Brandschutz\3. Schreiben_Behörde&FW\HKW Südstadt_151208_Protokoll Brandschau 2012.html"
"Mitteilung_0805.html","23176","C:\Users\akork\OneDrive\H&S+\3. Handlungsvorlagen\Brandschutz\3. Schreiben_Behörde&FW\Mitteilung_0805.html"
"Protokoll_Brandschau_2015.html","38765","C:\Users\akork\OneDrive\H&S+\3. Handlungsvorlagen\Brandschutz\3. Schreiben_Behörde&FW\Protokoll_Brandschau_2015.html"
"vStK Anhörung Brandschau Köln-Mülheim .html","16814","C:\Users\akork\OneDrive\H&S+\3. Handlungsvorlagen\Brandschutz\3. Schreiben_Behörde&FW\vStK Anhörung Brandschau Köln-Mülheim .html"
"_KI_WISSEN.html","17384","C:\Users\akork\OneDrive\H&S+\3. Handlungsvorlagen\Brandschutz\3. Schreiben_Behörde&FW\_KI_WISSEN.html"
"_KI_WISSEN.html","10462","C:\Users\akork\OneDrive\H&S+\3. Handlungsvorlagen\Brandschutz\Alarm_Notfallplaene_und_Pläne\_KI_WISSEN.html"
"161124 Protokoll HKW Süd Geb. 30 Zuständigkeit.html","126824","C:\Users\akork\OneDrive\H&S+\3. Handlungsvorlagen\Brandschutz\BS-Begehungen\161124 Protokoll HKW Süd Geb. 30 Zuständigkeit.html"
"2016_11_14_Begehungsprotokoll Brandschutz DEA Nord, Stommeln, Sinnersdorf.html","41972","C:\Users\akork\OneDrive\H&S+\3. Handlungsvorlagen\Brandschutz\BS-Begehungen\2016_11_14_Begehungsprotokoll Brandschutz DEA Nord, Stommeln, Sinnersdorf.html"
"20171113_Begehung Brandschutz Wasserwerke GI, DM, SB, SL, MF, BB, DB.html","27095","C:\Users\akork\OneDrive\H&S+\3. Handlungsvorlagen\Brandschutz\BS-Begehungen\20171113_Begehung Brandschutz Wasserwerke GI, DM, SB, SL, MF, BB, DB.html"
"20180115_BS_Begehung_LS_B00_B06.html","20001","C:\Users\akork\OneDrive\H&S+\3. Handlungsvorlagen\Brandschutz\BS-Begehungen\20180115_BS_Begehung_LS_B00_B06.html"
"20181022_Begehung Wasserwerk GI_Provisorium.html","19745","C:\Users\akork\OneDrive\H&S+\3. Handlungsvorlagen\Brandschutz\BS-Begehungen\20181022_Begehung Wasserwerk GI_Provisorium.html"
"20190704_B00_51_Begeheung_Brandschutz.html","25191","C:\Users\akork\OneDrive\H&S+\3. Handlungsvorlagen\Brandschutz\BS-Begehungen\20190704_B00_51_Begeheung_Brandschutz.html"
"20190730_B00_22_Begeheung_Brandschutz.html","26445","C:\Users\akork\OneDrive\H&S+\3. Handlungsvorlagen\Brandschutz\BS-Begehungen\20190730_B00_22_Begeheung_Brandschutz.html"
"20190918_BS-Begehung_B31_50.html","28743","C:\Users\akork\OneDrive\H&S+\3. Handlungsvorlagen\Brandschutz\BS-Begehungen\20190918_BS-Begehung_B31_50.html"
"20200527_B00_12_Begeheung_Brandschutz.html","18534","C:\Users\akork\OneDrive\H&S+\3. Handlungsvorlagen\Brandschutz\BS-Begehungen\20200527_B00_12_Begeheung_Brandschutz.html"
"20200630_B00_11_12_13_Begeheung_Brandschutz.html","66478","C:\Users\akork\OneDrive\H&S+\3. Handlungsvorlagen\Brandschutz\BS-Begehungen\20200630_B00_11_12_13_Begeheung_Brandschutz.html"
"20200709_B00_11_12_13_Begeheung_Brandschutz.html","72646","C:\Users\akork\OneDrive\H&S+\3. Handlungsvorlagen\Brandschutz\BS-Begehungen\20200709_B00_11_12_13_Begeheung_Brandschutz.html"
"20200709_B00_12_Begeheung_Brandschutz.html","20029","C:\Users\akork\OneDrive\H&S+\3. Handlungsvorlagen\Brandschutz\BS-Begehungen\20200709_B00_12_Begeheung_Brandschutz.html"
"20200709_B00_21_61_64_66_81_82_84_85_86_Begeheung_Brandschutz.html","23437","C:\Users\akork\OneDrive\H&S+\3. Handlungsvorlagen\Brandschutz\BS-Begehungen\20200709_B00_21_61_64_66_81_82_84_85_86_Begeheung_Brandschutz.html"
"20200709_B00_21_61_64_66_81_82_84_85_86_Begeheung_Brandschutz_srk.html","23546","C:\Users\akork\OneDrive\H&S+\3. Handlungsvorlagen\Brandschutz\BS-Begehungen\20200709_B00_21_61_64_66_81_82_84_85_86_Begeheung_Brandschutz_srk.html"
"20200916_BS-Begehung_Herrenstrunder Straße.html","20570","C:\Users\akork\OneDrive\H&S+\3. Handlungsvorlagen\Brandschutz\BS-Begehungen\20200916_BS-Begehung_Herrenstrunder Straße.html"
"20200923_B00_34_35_36_37_38.html","28810","C:\Users\akork\OneDrive\H&S+\3. Handlungsvorlagen\Brandschutz\BS-Begehungen\20200923_B00_34_35_36_37_38.html"
"20200923_B00_35.html","7024","C:\Users\akork\OneDrive\H&S+\3. Handlungsvorlagen\Brandschutz\BS-Begehungen\20200923_B00_35.html"
"20201007_B00_11-13_TG.html","64127","C:\Users\akork\OneDrive\H&S+\3. Handlungsvorlagen\Brandschutz\BS-Begehungen\20201007_B00_11-13_TG.html"
"20201007_B00_39_50_52.html","26254","C:\Users\akork\OneDrive\H&S+\3. Handlungsvorlagen\Brandschutz\BS-Begehungen\20201007_B00_39_50_52.html"
"20201007_B00_39_50_52_srk.html","26259","C:\Users\akork\OneDrive\H&S+\3. Handlungsvorlagen\Brandschutz\BS-Begehungen\20201007_B00_39_50_52_srk.html"
"20201209_B00_40_70_99.html","45581","C:\Users\akork\OneDrive\H&S+\3. Handlungsvorlagen\Brandschutz\BS-Begehungen\20201209_B00_40_70_99.html"
"Begehungsprotokoll Brandschutz Wasserwerke.html","51060","C:\Users\akork\OneDrive\H&S+\3. Handlungsvorlagen\Brandschutz\BS-Begehungen\Begehungsprotokoll Brandschutz Wasserwerke.html"
"Brandschutzbegehung 2016 UR, LH, ZD 1, 2, 3.html","51831","C:\Users\akork\OneDrive\H&S+\3. Handlungsvorlagen\Brandschutz\BS-Begehungen\Brandschutzbegehung 2016 UR, LH, ZD 1, 2, 3.html"
"Brandschutzbegehung W 11.09.2016, SD, HS, SF, OH (2).html","28852","C:\Users\akork\OneDrive\H&S+\3. Handlungsvorlagen\Brandschutz\BS-Begehungen\Brandschutzbegehung W 11.09.2016, SD, HS, SF, OH (2).html"
"Brandschutzbegehung W 11.09.2017^J SV^J WB.html","24440","C:\Users\akork\OneDrive\H&S+\3. Handlungsvorlagen\Brandschutz\BS-Begehungen\Brandschutzbegehung W 11.09.2017^J SV^J WB.html"
"Brandschutzbegehung W 2016 FR, BA, KÖ, DEA SÜD, 04.08.2016.html","25325","C:\Users\akork\OneDrive\H&S+\3. Handlungsvorlagen\Brandschutz\BS-Begehungen\Brandschutzbegehung W 2016 FR, BA, KÖ, DEA SÜD, 04.08.2016.html"
"Brandschutzbegehung WW Weißer Bogen.html","7691","C:\Users\akork\OneDrive\H&S+\3. Handlungsvorlagen\Brandschutz\BS-Begehungen\Brandschutzbegehung WW Weißer Bogen.html"
"Brandschutzbegehungen_diver. DEA's_2011.html","185268","C:\Users\akork\OneDrive\H&S+\3. Handlungsvorlagen\Brandschutz\BS-Begehungen\Brandschutzbegehungen_diver. DEA's_2011.html"
"Brandschutz_WW Frechen+Bachem_2011.html","92144","C:\Users\akork\OneDrive\H&S+\3. Handlungsvorlagen\Brandschutz\BS-Begehungen\Brandschutz_WW Frechen+Bachem_2011.html"
"Brandschutz_WW Hochkirchen_2011.html","501341","C:\Users\akork\OneDrive\H&S+\3. Handlungsvorlagen\Brandschutz\BS-Begehungen\Brandschutz_WW Hochkirchen_2011.html"
"Brandschutz_WW Weiler_2011.html","760571","C:\Users\akork\OneDrive\H&S+\3. Handlungsvorlagen\Brandschutz\BS-Begehungen\Brandschutz_WW Weiler_2011.html"
"BS-Begehungen_PG 24__20190704_B00_51_Begeheung_Brandschutz.html","26022","C:\Users\akork\OneDrive\H&S+\3. Handlungsvorlagen\Brandschutz\BS-Begehungen\BS-Begehungen_PG 24__20190704_B00_51_Begeheung_Brandschutz.html"
"BS-Begehungen_PG 24__20190730_B00_22_Begeheung_Brandschutz.html","27175","C:\Users\akork\OneDrive\H&S+\3. Handlungsvorlagen\Brandschutz\BS-Begehungen\BS-Begehungen_PG 24__20190730_B00_22_Begeheung_Brandschutz.html"
"BS-Begehungen_PG 24__20190919_BS-Begehung_B00_83.html","8235","C:\Users\akork\OneDrive\H&S+\3. Handlungsvorlagen\Brandschutz\BS-Begehungen\BS-Begehungen_PG 24__20190919_BS-Begehung_B00_83.html"
"BS-Begehungen_PG 24__20200709_B00_11_12_13_Begeheung_Brandschutz.html","67131","C:\Users\akork\OneDrive\H&S+\3. Handlungsvorlagen\Brandschutz\BS-Begehungen\BS-Begehungen_PG 24__20200709_B00_11_12_13_Begeheung_Brandschutz.html"
"BS-Begehungen_PG 24__20200709_B00_12_Begeheung_Brandschutz.html","19581","C:\Users\akork\OneDrive\H&S+\3. Handlungsvorlagen\Brandschutz\BS-Begehungen\BS-Begehungen_PG 24__20200709_B00_12_Begeheung_Brandschutz.html"
"BS-Begehungen_PG 24__20200709_B00_21_61_64_66_81_82_84_85_86_Begeheung_Brandschutz.html","21735","C:\Users\akork\OneDrive\H&S+\3. Handlungsvorlagen\Brandschutz\BS-Begehungen\BS-Begehungen_PG 24__20200709_B00_21_61_64_66_81_82_84_85_86_Begeheung_Brandschutz.html"
"BS-Begehungen_PG 24__20200923_B00_34_35_36_37_38.html","30214","C:\Users\akork\OneDrive\H&S+\3. Handlungsvorlagen\Brandschutz\BS-Begehungen\BS-Begehungen_PG 24__20200923_B00_34_35_36_37_38.html"
"BS-Begehungen_PG 24__20200930_B00_11-13_TG.html","69362","C:\Users\akork\OneDrive\H&S+\3. Handlungsvorlagen\Brandschutz\BS-Begehungen\BS-Begehungen_PG 24__20200930_B00_11-13_TG.html"
"BS-Begehungen_PG 24__20201007_B00_39_50_52.html","27391","C:\Users\akork\OneDrive\H&S+\3. Handlungsvorlagen\Brandschutz\BS-Begehungen\BS-Begehungen_PG 24__20201007_B00_39_50_52.html"
"BS-Begehungen_PG 24__20201209_B00_40_70_99.html","36000","C:\Users\akork\OneDrive\H&S+\3. Handlungsvorlagen\Brandschutz\BS-Begehungen\BS-Begehungen_PG 24__20201209_B00_40_70_99.html"
"BS-Begehungen_WW__20171018_Brandschutzbegehung Wasserwerk Weiler .html","35573","C:\Users\akork\OneDrive\H&S+\3. Handlungsvorlagen\Brandschutz\BS-Begehungen\BS-Begehungen_WW__20171018_Brandschutzbegehung Wasserwerk Weiler .html"
"BS-Begehungen_WW__Brandschutzbegehung W 11.09.2017, SV, WB.html","31341","C:\Users\akork\OneDrive\H&S+\3. Handlungsvorlagen\Brandschutz\BS-Begehungen\BS-Begehungen_WW__Brandschutzbegehung W 11.09.2017, SV, WB.html"
"BS-Begehungen_WW__Brandschutzbegehung W 15.05.2017, WH, EM.html","33511","C:\Users\akork\OneDrive\H&S+\3. Handlungsvorlagen\Brandschutz\BS-Begehungen\BS-Begehungen_WW__Brandschutzbegehung W 15.05.2017, WH, EM.html"
"BS-Begehungen_WW__Brandschutzbegehung W 26.10.2016, SN, HW.html","24373","C:\Users\akork\OneDrive\H&S+\3. Handlungsvorlagen\Brandschutz\BS-Begehungen\BS-Begehungen_WW__Brandschutzbegehung W 26.10.2016, SN, HW.html"
"BS-Begehungen_WW__Protokoll DEA Nord, Stommeln, Sinnerdorf.html","24974","C:\Users\akork\OneDrive\H&S+\3. Handlungsvorlagen\Brandschutz\BS-Begehungen\BS-Begehungen_WW__Protokoll DEA Nord, Stommeln, Sinnerdorf.html"
"Protokoll Begehung Brandschutz HKW Süd, Geb. 30.html","69534","C:\Users\akork\OneDrive\H&S+\3. Handlungsvorlagen\Brandschutz\BS-Begehungen\Protokoll Begehung Brandschutz HKW Süd, Geb. 30.html"
"_KI_WISSEN.html","11176","C:\Users\akork\OneDrive\H&S+\3. Handlungsvorlagen\Brandschutz\BS-Begehungen\_KI_WISSEN.html"
"_KI_WISSEN.html","5001","C:\Users\akork\OneDrive\H&S+\3. Handlungsvorlagen\Brandschutz\BSO\_KI_WISSEN.html"
"Einsatz von CO2-FL in Räumen.html","159899","C:\Users\akork\OneDrive\H&S+\3. Handlungsvorlagen\Brandschutz\CO2-FL\Einsatz von CO2-FL in Räumen.html"
"Feuerlöscher richtig einsetzen.html","15614","C:\Users\akork\OneDrive\H&S+\3. Handlungsvorlagen\Brandschutz\CO2-FL\Feuerlöscher richtig einsetzen.html"
"_KI_WISSEN.html","9096","C:\Users\akork\OneDrive\H&S+\3. Handlungsvorlagen\Brandschutz\CO2-FL\_KI_WISSEN.html"
"_KI_WISSEN.html","5680","C:\Users\akork\OneDrive\H&S+\3. Handlungsvorlagen\Brandschutz\Explosionsschutz\_KI_WISSEN.html"
"Hinweise_Feuerschutzabschluesse_Innentueren Mitteilung des DIBt.html","26607","C:\Users\akork\OneDrive\H&S+\3. Handlungsvorlagen\Brandschutz\Feuerschutzabschlüsse\Hinweise_Feuerschutzabschluesse_Innentueren Mitteilung des DIBt.html"
"Zulässige Änderungen & Ergänzung an Feurschutzabschlüssen Präsi.html","151796","C:\Users\akork\OneDrive\H&S+\3. Handlungsvorlagen\Brandschutz\Feuerschutzabschlüsse\Zulässige Änderungen & Ergänzung an Feurschutzabschlüssen Präsi.html"
"Zulässige Änderungen & Ergänzung an Feurschutzabschlüssen.html","15438","C:\Users\akork\OneDrive\H&S+\3. Handlungsvorlagen\Brandschutz\Feuerschutzabschlüsse\Zulässige Änderungen & Ergänzung an Feurschutzabschlüssen.html"
"_KI_WISSEN.html","4557","C:\Users\akork\OneDrive\H&S+\3. Handlungsvorlagen\Brandschutz\Feuerschutzabschlüsse\_KI_WISSEN.html"
"_KI_WISSEN.html","8296","C:\Users\akork\OneDrive\H&S+\3. Handlungsvorlagen\Brandschutz\Ladestation für Stapler\_KI_WISSEN.html"
"_KI_WISSEN.html","3741","C:\Users\akork\OneDrive\H&S+\3. Handlungsvorlagen\Brandschutz\Löschwasser (RE)\_KI_WISSEN.html"
"_KI_WISSEN.html","9021","C:\Users\akork\OneDrive\H&S+\3. Handlungsvorlagen\Brandschutz\Photovoltaikanlagen\_KI_WISSEN.html"
"_KI_WISSEN.html","12206","C:\Users\akork\OneDrive\H&S+\3. Handlungsvorlagen\Brandschutz\Prüffristen\_KI_WISSEN.html"
"_KI_WISSEN.html","9632","C:\Users\akork\OneDrive\H&S+\3. Handlungsvorlagen\Brandschutz\RE-Kram\_KI_WISSEN.html"
"_KI_WISSEN.html","5568","C:\Users\akork\OneDrive\H&S+\3. Handlungsvorlagen\Brandschutz\Rettungswege\_KI_WISSEN.html"
"_KI_WISSEN.html","8426","C:\Users\akork\OneDrive\H&S+\3. Handlungsvorlagen\Brandschutz\Rundum LIB\_KI_WISSEN.html"
"205-041 Brandschutz Li Batterien.html","217476","C:\Users\akork\OneDrive\H&S+\3. Handlungsvorlagen\Brandschutz\Rundum LIB\LIB Allgemein\205-041 Brandschutz Li Batterien.html"
"_KI_WISSEN.html","6313","C:\Users\akork\OneDrive\H&S+\3. Handlungsvorlagen\Brandschutz\Räumung\_KI_WISSEN.html"
"_KI_WISSEN.html","8897","C:\Users\akork\OneDrive\H&S+\3. Handlungsvorlagen\Brandschutz\Symbole für Brandschutzpläne\_KI_WISSEN.html"
"_KI_WISSEN.html","5772","C:\Users\akork\OneDrive\H&S+\3. Handlungsvorlagen\Brandschutz\Unterweisung & Ausbildung\_KI_WISSEN.html"
"1. Brandschutz im Dekobau.html","299420","C:\Users\akork\OneDrive\H&S+\3. Handlungsvorlagen\Brandschutz\Veranstaltungen_VStätt\1. Brandschutz im Dekobau.html"
"2. Brandverhalten_Ausstatungen....html","30836","C:\Users\akork\OneDrive\H&S+\3. Handlungsvorlagen\Brandschutz\Veranstaltungen_VStätt\2. Brandverhalten_Ausstatungen....html"
"DGUVV17 Veranstaltung-und Produktionsstätten für szenische Darstellung.html","137416","C:\Users\akork\OneDrive\H&S+\3. Handlungsvorlagen\Brandschutz\Veranstaltungen_VStätt\DGUVV17 Veranstaltung-und Produktionsstätten für szenische Darstellung.html"
"SBauV-NRW_Erläuterungen.html","872973","C:\Users\akork\OneDrive\H&S+\3. Handlungsvorlagen\Brandschutz\Veranstaltungen_VStätt\SBauV-NRW_Erläuterungen.html"
"_KI_WISSEN.html","17650","C:\Users\akork\OneDrive\H&S+\3. Handlungsvorlagen\Brandschutz\Veranstaltungen_VStätt\_KI_WISSEN.html"
"1. Handbuch_Brandschutzatlas_E_Book.html","10805166","C:\Users\akork\OneDrive\H&S+\3. Handlungsvorlagen\Brandschutz\Vorschr., TR & Infos\1. Handbuch_Brandschutzatlas_E_Book.html"
"2. Brandschutz-in-der-Tasche-Feuertrutz.html","527862","C:\Users\akork\OneDrive\H&S+\3. Handlungsvorlagen\Brandschutz\Vorschr., TR & Infos\2. Brandschutz-in-der-Tasche-Feuertrutz.html"
"205-001.html","570120","C:\Users\akork\OneDrive\H&S+\3. Handlungsvorlagen\Brandschutz\Vorschr., TR & Infos\205-001.html"
"3. Brandschutz in der Tasche 09-2022.html","678923","C:\Users\akork\OneDrive\H&S+\3. Handlungsvorlagen\Brandschutz\Vorschr., TR & Infos\3. Brandschutz in der Tasche 09-2022.html"
"ASR-A2-2.html","101739","C:\Users\akork\OneDrive\H&S+\3. Handlungsvorlagen\Brandschutz\Vorschr., TR & Infos\ASR-A2-2.html"
"BauO NRW 2024.html","517103","C:\Users\akork\OneDrive\H&S+\3. Handlungsvorlagen\Brandschutz\Vorschr., TR & Infos\BauO NRW 2024.html"
"BauO NRW Handlungsempfehlung_dienstbesprechung_bauaufsichtsbehoerden-2018.html","348053","C:\Users\akork\OneDrive\H&S+\3. Handlungsvorlagen\Brandschutz\Vorschr., TR & Infos\BauO NRW Handlungsempfehlung_dienstbesprechung_bauaufsichtsbehoerden-2018.html"
"Betrieblicher BS DGUV I 205-001.html","571626","C:\Users\akork\OneDrive\H&S+\3. Handlungsvorlagen\Brandschutz\Vorschr., TR & Infos\Betrieblicher BS DGUV I 205-001.html"
"brandschutzleitfaden-fuer-gebaeude-des-bundes 2019.html","1597857","C:\Users\akork\OneDrive\H&S+\3. Handlungsvorlagen\Brandschutz\Vorschr., TR & Infos\brandschutzleitfaden-fuer-gebaeude-des-bundes 2019.html"
"Brandschutz_Artikel_Download.html","43330","C:\Users\akork\OneDrive\H&S+\3. Handlungsvorlagen\Brandschutz\Vorschr., TR & Infos\Brandschutz_Artikel_Download.html"
"DGUV 205-003.html","124082","C:\Users\akork\OneDrive\H&S+\3. Handlungsvorlagen\Brandschutz\Vorschr., TR & Infos\DGUV 205-003.html"
"DGUV-I-Br.Sch.Helfer.html","65308","C:\Users\akork\OneDrive\H&S+\3. Handlungsvorlagen\Brandschutz\Vorschr., TR & Infos\DGUV-I-Br.Sch.Helfer.html"
"DIN 14462 2012_09 Löschwassereinrichtungen.html","272919","C:\Users\akork\OneDrive\H&S+\3. Handlungsvorlagen\Brandschutz\Vorschr., TR & Infos\DIN 14462 2012_09 Löschwassereinrichtungen.html"
"Erläuterungen_MIndBauR.html","199427","C:\Users\akork\OneDrive\H&S+\3. Handlungsvorlagen\Brandschutz\Vorschr., TR & Infos\Erläuterungen_MIndBauR.html"
"FBFHB-024.html","49100","C:\Users\akork\OneDrive\H&S+\3. Handlungsvorlagen\Brandschutz\Vorschr., TR & Infos\FBFHB-024.html"
"IndBauR-NRW-Erlaeuterung-Online-Version_2016_04.html","215636","C:\Users\akork\OneDrive\H&S+\3. Handlungsvorlagen\Brandschutz\Vorschr., TR & Infos\IndBauR-NRW-Erlaeuterung-Online-Version_2016_04.html"
"IndBauR_NRW.html","184650","C:\Users\akork\OneDrive\H&S+\3. Handlungsvorlagen\Brandschutz\Vorschr., TR & Infos\IndBauR_NRW.html"
"Landesbauordnung_NRW_im_Bild___E_Book__PDF_.html","1796311","C:\Users\akork\OneDrive\H&S+\3. Handlungsvorlagen\Brandschutz\Vorschr., TR & Infos\Landesbauordnung_NRW_im_Bild___E_Book__PDF_.html"
"MBO_Checkliste.html","1073288","C:\Users\akork\OneDrive\H&S+\3. Handlungsvorlagen\Brandschutz\Vorschr., TR & Infos\MBO_Checkliste.html"
"MVVTB_2021-1 Muster-Verwaltungsvorschrift Technische Baubestimmungen.html","5335214","C:\Users\akork\OneDrive\H&S+\3. Handlungsvorlagen\Brandschutz\Vorschr., TR & Infos\MVVTB_2021-1 Muster-Verwaltungsvorschrift Technische Baubestimmungen.html"
"SBauV NRW vollständig.html","478432","C:\Users\akork\OneDrive\H&S+\3. Handlungsvorlagen\Brandschutz\Vorschr., TR & Infos\SBauV NRW vollständig.html"
"SBauV-NRW_Erläuterungen.html","872973","C:\Users\akork\OneDrive\H&S+\3. Handlungsvorlagen\Brandschutz\Vorschr., TR & Infos\SBauV-NRW_Erläuterungen.html"
"tab_koeln_11.2018.html","236340","C:\Users\akork\OneDrive\H&S+\3. Handlungsvorlagen\Brandschutz\Vorschr., TR & Infos\tab_koeln_11.2018.html"
"TRGS-800 Brandschutzmaßnahmen.html","121483","C:\Users\akork\OneDrive\H&S+\3. Handlungsvorlagen\Brandschutz\Vorschr., TR & Infos\TRGS-800 Brandschutzmaßnahmen.html"
"TRGS-800-Erlaeuterung.html","24004","C:\Users\akork\OneDrive\H&S+\3. Handlungsvorlagen\Brandschutz\Vorschr., TR & Infos\TRGS-800-Erlaeuterung.html"
"_KI_WISSEN.html","17793","C:\Users\akork\OneDrive\H&S+\3. Handlungsvorlagen\Brandschutz\Vorschr., TR & Infos\_KI_WISSEN.html"
"_KI_WISSEN_woanders geholt.html","9353","C:\Users\akork\OneDrive\H&S+\3. Handlungsvorlagen\Brandschutz\Vorschr., TR & Infos\_KI_WISSEN_woanders geholt.html"
"_KI_WISSEN.html","8215","C:\Users\akork\OneDrive\H&S+\3. Handlungsvorlagen\Brandschutz\WEITERBILDUNG\_KI_WISSEN.html"
